ts_start,ts_end,rep,er,port,baud,timeout_s,size_bits,samples_requested,margin_samples,total_time_s,throughput_bps,exit_code,stdout_chars,stderr_chars,error_code
2026-04-25T19:59:02.066793+00:00,2026-04-25T19:59:02.480401+00:00,1,1,/dev/ttyACM0,115200,2.0,8,16,8,0.4135924380002507,19.3427134177805,0,2,0,OK
2026-04-25T19:59:02.480692+00:00,2026-04-25T19:59:02.892778+00:00,2,1,/dev/ttyACM0,115200,2.0,8,16,8,0.41206458700025905,19.414432233156134,0,2,0,OK
2026-04-25T19:59:02.893072+00:00,2026-04-25T19:59:03.308899+00:00,3,1,/dev/ttyACM0,115200,2.0,8,16,8,0.41580634699994334,19.239725554264062,0,2,0,OK
2026-04-25T19:59:03.309239+00:00,2026-04-25T19:59:03.721669+00:00,4,1,/dev/ttyACM0,115200,2.0,8,16,8,0.4124106569997821,19.398140819635092,0,2,0,OK
2026-04-25T19:59:03.721920+00:00,2026-04-25T19:59:04.126398+00:00,5,1,/dev/ttyACM0,115200,2.0,8,16,8,0.4044628849997025,19.779317946579656,0,2,0,OK
2026-04-25T19:59:04.126661+00:00,2026-04-25T19:59:04.540638+00:00,6,1,/dev/ttyACM0,115200,2.0,8,16,8,0.41396177100023124,19.325456021385925,0,2,0,OK
2026-04-25T19:59:04.540819+00:00,2026-04-25T19:59:04.956988+00:00,7,1,/dev/ttyACM0,115200,2.0,8,16,8,0.4161556990002282,19.223574299761335,0,2,0,OK
2026-04-25T19:59:04.957239+00:00,2026-04-25T19:59:05.362285+00:00,8,1,/dev/ttyACM0,115200,2.0,8,16,8,0.4050305490000028,19.751596564139522,0,2,0,OK
2026-04-25T19:59:05.362525+00:00,2026-04-25T19:59:05.773303+00:00,9,1,/dev/ttyACM0,115200,2.0,8,16,8,0.4107627759999559,19.47596147320043,0,2,0,OK
2026-04-25T19:59:05.773546+00:00,2026-04-25T19:59:06.181066+00:00,10,1,/dev/ttyACM0,115200,2.0,8,16,8,0.4075056280003082,19.631630707181177,0,2,0,OK
2026-04-25T19:59:09.431881+00:00,2026-04-25T19:59:11.057922+00:00,11,1,/dev/ttyACM0,115200,2.0,2048,2056,8,1.6260283639999216,1259.5106243793043,0,512,0,OK
2026-04-25T19:59:11.058176+00:00,2026-04-25T19:59:12.698173+00:00,12,1,/dev/ttyACM0,115200,2.0,2048,2056,8,1.6399804019997646,1248.7954109102177,0,512,0,OK
2026-04-25T19:59:12.698449+00:00,2026-04-25T19:59:14.325934+00:00,13,1,/dev/ttyACM0,115200,2.0,2048,2056,8,1.6274683970000297,1258.3961714864333,0,512,0,OK
2026-04-25T19:59:14.326114+00:00,2026-04-25T19:59:15.952477+00:00,14,1,/dev/ttyACM0,115200,2.0,2048,2056,8,1.626352606999717,1259.2595180070668,0,512,0,OK
2026-04-25T19:59:15.952733+00:00,2026-04-25T19:59:17.573155+00:00,15,1,/dev/ttyACM0,115200,2.0,2048,2056,8,1.62040469700014,1263.8817968075928,0,512,0,OK
2026-04-25T19:59:17.573402+00:00,2026-04-25T19:59:19.201498+00:00,16,1,/dev/ttyACM0,115200,2.0,2048,2056,8,1.6280807810003353,1257.9228401318364,0,512,0,OK
2026-04-25T19:59:19.201748+00:00,2026-04-25T19:59:20.825681+00:00,17,1,/dev/ttyACM0,115200,2.0,2048,2056,8,1.6239176260000932,1261.1477129196962,0,512,0,OK
2026-04-25T19:59:20.825939+00:00,2026-04-25T19:59:22.462715+00:00,18,1,/dev/ttyACM0,115200,2.0,2048,2056,8,1.6367611900000156,1251.2515646830436,0,512,0,OK
2026-04-25T19:59:22.462956+00:00,2026-04-25T19:59:24.092570+00:00,19,1,/dev/ttyACM0,115200,2.0,2048,2056,8,1.629598956999871,1256.7509270933842,0,512,0,OK
2026-04-25T19:59:24.092820+00:00,2026-04-25T19:59:25.708673+00:00,20,1,/dev/ttyACM0,115200,2.0,2048,2056,8,1.6158358950001457,1267.455442930246,0,512,0,OK
2026-04-25T19:59:31.687652+00:00,2026-04-25T19:59:34.724174+00:00,21,1,/dev/ttyACM0,115200,2.0,4096,4104,8,3.036508794999918,1348.9175485823384,0,1024,0,OK
2026-04-25T19:59:34.724432+00:00,2026-04-25T19:59:37.776876+00:00,22,1,/dev/ttyACM0,115200,2.0,4096,4104,8,3.052430770000228,1341.8813754127154,0,1024,0,OK
2026-04-25T19:59:37.777076+00:00,2026-04-25T19:59:40.817806+00:00,23,1,/dev/ttyACM0,115200,2.0,4096,4104,8,3.0407208980000178,1347.0489852238902,0,1024,0,OK
2026-04-25T19:59:40.818063+00:00,2026-04-25T19:59:43.860573+00:00,24,1,/dev/ttyACM0,115200,2.0,4096,4104,8,3.0424945119998483,1346.2637266378097,0,1024,0,OK
2026-04-25T19:59:43.860827+00:00,2026-04-25T19:59:46.899057+00:00,25,1,/dev/ttyACM0,115200,2.0,4096,4104,8,3.038215032000153,1348.160007392062,0,1024,0,OK
2026-04-25T19:59:46.899328+00:00,2026-04-25T19:59:49.936880+00:00,26,1,/dev/ttyACM0,115200,2.0,4096,4104,8,3.0375337919999765,1348.4623646945856,0,1024,0,OK
2026-04-25T19:59:49.937184+00:00,2026-04-25T19:59:52.976004+00:00,27,1,/dev/ttyACM0,115200,2.0,4096,4104,8,3.038800443999662,1347.9002900923808,0,1024,0,OK
2026-04-25T19:59:52.976273+00:00,2026-04-25T19:59:56.004842+00:00,28,1,/dev/ttyACM0,115200,2.0,4096,4104,8,3.0285537300001124,1352.4607337905304,0,1024,0,OK
2026-04-25T19:59:56.005132+00:00,2026-04-25T19:59:59.048904+00:00,29,1,/dev/ttyACM0,115200,2.0,4096,4104,8,3.043755728999713,1345.7058859799147,0,1024,0,OK
2026-04-25T19:59:59.049179+00:00,2026-04-25T20:00:02.079602+00:00,30,1,/dev/ttyACM0,115200,2.0,4096,4104,8,3.0304076049997093,1351.6333556060995,0,1024,0,OK
2026-04-25T20:00:04.126967+00:00,2026-04-25T20:00:05.142166+00:00,31,1,/dev/ttyACM0,115200,2.0,8192,8200,8,1.015185934999863,8069.457739287045,2,0,259,MEMORY_ERROR
2026-04-25T20:00:05.142487+00:00,2026-04-25T20:00:06.155566+00:00,32,1,/dev/ttyACM0,115200,2.0,8192,8200,8,1.013066536000224,8086.339553119134,2,0,259,MEMORY_ERROR
2026-04-25T20:00:06.155875+00:00,2026-04-25T20:00:07.164897+00:00,33,1,/dev/ttyACM0,115200,2.0,8192,8200,8,1.009002148000036,8118.912349431102,2,0,259,MEMORY_ERROR
2026-04-25T20:00:07.165250+00:00,2026-04-25T20:00:08.173962+00:00,34,1,/dev/ttyACM0,115200,2.0,8192,8200,8,1.0087007299998731,8121.338427108138,2,0,259,MEMORY_ERROR
2026-04-25T20:00:08.174158+00:00,2026-04-25T20:00:09.193444+00:00,35,1,/dev/ttyACM0,115200,2.0,8192,8200,8,1.019276213000012,8037.075618480959,2,0,259,MEMORY_ERROR
2026-04-25T20:00:09.193816+00:00,2026-04-25T20:00:10.200344+00:00,36,1,/dev/ttyACM0,115200,2.0,8192,8200,8,1.006515084000057,8138.9739013583785,2,0,259,MEMORY_ERROR
2026-04-25T20:00:10.200554+00:00,2026-04-25T20:00:11.215634+00:00,37,1,/dev/ttyACM0,115200,2.0,8192,8200,8,1.0150693800001136,8070.384312054693,2,0,259,MEMORY_ERROR
2026-04-25T20:00:11.215968+00:00,2026-04-25T20:00:12.233871+00:00,38,1,/dev/ttyACM0,115200,2.0,8192,8200,8,1.0178867879999416,8048.046301982721,2,0,259,MEMORY_ERROR
2026-04-25T20:00:12.234273+00:00,2026-04-25T20:00:13.249378+00:00,39,1,/dev/ttyACM0,115200,2.0,8192,8200,8,1.0150856949999252,8070.25460052474,2,0,259,MEMORY_ERROR
2026-04-25T20:00:13.249878+00:00,2026-04-25T20:00:14.258495+00:00,40,1,/dev/ttyACM0,115200,2.0,8192,8200,8,1.0085979850000513,8122.165740792734,2,0,259,MEMORY_ERROR
2026-04-25T20:00:16.701730+00:00,2026-04-25T20:00:17.916059+00:00,41,1,/dev/ttyACM0,115200,2.0,12288,12296,8,1.2143158300000323,10119.278441754048,2,0,310,MEMORY_ERROR
2026-04-25T20:00:17.916372+00:00,2026-04-25T20:00:19.128843+00:00,42,1,/dev/ttyACM0,115200,2.0,12288,12296,8,1.2124554740003077,10134.805164809608,2,0,310,MEMORY_ERROR
2026-04-25T20:00:19.129197+00:00,2026-04-25T20:00:20.339746+00:00,43,1,/dev/ttyACM0,115200,2.0,12288,12296,8,1.2105362679999416,10150.873067440052,2,0,310,MEMORY_ERROR
2026-04-25T20:00:20.340078+00:00,2026-04-25T20:00:21.557569+00:00,44,1,/dev/ttyACM0,115200,2.0,12288,12296,8,1.217477835000409,10092.996888108335,2,0,310,MEMORY_ERROR
2026-04-25T20:00:21.557875+00:00,2026-04-25T20:00:22.770828+00:00,45,1,/dev/ttyACM0,115200,2.0,12288,12296,8,1.2129382449998047,10130.77133205737,2,0,310,MEMORY_ERROR
2026-04-25T20:00:22.771133+00:00,2026-04-25T20:00:23.986705+00:00,46,1,/dev/ttyACM0,115200,2.0,12288,12296,8,1.215559500999916,10108.925140967533,2,0,310,MEMORY_ERROR
2026-04-25T20:00:23.987029+00:00,2026-04-25T20:00:25.205108+00:00,47,1,/dev/ttyACM0,115200,2.0,12288,12296,8,1.2180669250001301,10088.115642741623,2,0,310,MEMORY_ERROR
2026-04-25T20:00:25.205436+00:00,2026-04-25T20:00:26.421037+00:00,48,1,/dev/ttyACM0,115200,2.0,12288,12296,8,1.2155849109999508,10108.713828877477,2,0,310,MEMORY_ERROR
2026-04-25T20:00:26.421494+00:00,2026-04-25T20:00:27.642387+00:00,49,1,/dev/ttyACM0,115200,2.0,12288,12296,8,1.2208820480000213,10064.85435683938,2,0,310,MEMORY_ERROR
2026-04-25T20:00:27.642607+00:00,2026-04-25T20:00:28.865486+00:00,50,1,/dev/ttyACM0,115200,2.0,12288,12296,8,1.222868094000205,10048.508142692568,2,0,310,MEMORY_ERROR
2026-04-25T20:00:31.600985+00:00,2026-04-25T20:00:32.916644+00:00,51,1,/dev/ttyACM0,115200,2.0,16384,16392,8,1.3156458550001844,12453.199269189126,2,0,155,TRACEBACK
2026-04-25T20:00:32.917044+00:00,2026-04-25T20:00:34.330560+00:00,52,1,/dev/ttyACM0,115200,2.0,16384,16392,8,1.4134987619995627,11591.096108795226,2,0,310,MEMORY_ERROR
2026-04-25T20:00:34.330952+00:00,2026-04-25T20:00:35.752385+00:00,53,1,/dev/ttyACM0,115200,2.0,16384,16392,8,1.4214201810000304,11526.500199591334,2,0,310,MEMORY_ERROR
2026-04-25T20:00:35.752697+00:00,2026-04-25T20:00:37.165576+00:00,54,1,/dev/ttyACM0,115200,2.0,16384,16392,8,1.4128651020000689,11596.294633370597,2,0,310,MEMORY_ERROR
2026-04-25T20:00:37.165903+00:00,2026-04-25T20:00:38.572872+00:00,55,1,/dev/ttyACM0,115200,2.0,16384,16392,8,1.406947639000009,11645.06733999352,2,0,310,MEMORY_ERROR
2026-04-25T20:00:38.573218+00:00,2026-04-25T20:00:39.981612+00:00,56,1,/dev/ttyACM0,115200,2.0,16384,16392,8,1.4083801540000422,11633.222715803413,2,0,310,MEMORY_ERROR
2026-04-25T20:00:39.981990+00:00,2026-04-25T20:00:41.392077+00:00,57,1,/dev/ttyACM0,115200,2.0,16384,16392,8,1.410070672999609,11619.275766615807,2,0,310,MEMORY_ERROR
2026-04-25T20:00:41.392383+00:00,2026-04-25T20:00:42.701527+00:00,58,1,/dev/ttyACM0,115200,2.0,16384,16392,8,1.3091328630002863,12515.154468318024,2,0,155,TRACEBACK
2026-04-25T20:00:42.703843+00:00,2026-04-25T20:00:44.117128+00:00,59,1,/dev/ttyACM0,115200,2.0,16384,16392,8,1.4132630159997461,11593.02961622463,2,0,310,MEMORY_ERROR
2026-04-25T20:00:44.117327+00:00,2026-04-25T20:00:45.525858+00:00,60,1,/dev/ttyACM0,115200,2.0,16384,16392,8,1.408522382999763,11632.048022628233,2,0,310,MEMORY_ERROR
2026-04-25T20:00:46.346384+00:00,2026-04-25T20:00:46.766698+00:00,61,3,/dev/ttyACM0,115200,2.0,8,11,8,0.42030105999992884,19.03397531284207,0,2,0,OK
2026-04-25T20:00:46.766942+00:00,2026-04-25T20:00:47.176066+00:00,62,3,/dev/ttyACM0,115200,2.0,8,11,8,0.4091090050001185,19.55469056467648,0,2,0,OK
2026-04-25T20:00:47.176309+00:00,2026-04-25T20:00:47.587976+00:00,63,3,/dev/ttyACM0,115200,2.0,8,11,8,0.4116520990000936,19.433886088354868,0,2,0,OK
2026-04-25T20:00:47.588220+00:00,2026-04-25T20:00:47.997444+00:00,64,3,/dev/ttyACM0,115200,2.0,8,11,8,0.4092093520002891,19.549895330824082,0,2,0,OK
2026-04-25T20:00:47.997701+00:00,2026-04-25T20:00:48.405260+00:00,65,3,/dev/ttyACM0,115200,2.0,8,11,8,0.4075432239997099,19.62981968264965,0,2,0,OK
2026-04-25T20:00:48.405501+00:00,2026-04-25T20:00:48.813638+00:00,66,3,/dev/ttyACM0,115200,2.0,8,11,8,0.40812192500015954,19.601985362577306,0,2,0,OK
2026-04-25T20:00:48.813880+00:00,2026-04-25T20:00:49.229824+00:00,67,3,/dev/ttyACM0,115200,2.0,8,11,8,0.41592883100020117,19.23405978076122,0,2,0,OK
2026-04-25T20:00:49.230065+00:00,2026-04-25T20:00:49.645494+00:00,68,3,/dev/ttyACM0,115200,2.0,8,11,8,0.4154144379999707,19.25787663644123,0,2,0,OK
2026-04-25T20:00:49.645742+00:00,2026-04-25T20:00:50.058033+00:00,69,3,/dev/ttyACM0,115200,2.0,8,11,8,0.4122729820001041,19.404618661132588,0,2,0,OK
2026-04-25T20:00:50.058275+00:00,2026-04-25T20:00:50.469733+00:00,70,3,/dev/ttyACM0,115200,2.0,8,11,8,0.4114425640000263,19.44378316677875,0,2,0,OK
2026-04-25T20:00:53.104131+00:00,2026-04-25T20:00:54.416414+00:00,71,3,/dev/ttyACM0,115200,2.0,2048,691,8,1.3122702220002793,1560.654174471974,0,512,0,OK
2026-04-25T20:00:54.416672+00:00,2026-04-25T20:00:55.731210+00:00,72,3,/dev/ttyACM0,115200,2.0,2048,691,8,1.3145223000001351,1557.9804161555794,0,512,0,OK
2026-04-25T20:00:55.731465+00:00,2026-04-25T20:00:57.048802+00:00,73,3,/dev/ttyACM0,115200,2.0,2048,691,8,1.317322993000289,1554.668073723929,0,512,0,OK
2026-04-25T20:00:57.049072+00:00,2026-04-25T20:00:58.372034+00:00,74,3,/dev/ttyACM0,115200,2.0,2048,691,8,1.322946604000208,1548.059455920171,0,512,0,OK
2026-04-25T20:00:58.372282+00:00,2026-04-25T20:00:59.692793+00:00,75,3,/dev/ttyACM0,115200,2.0,2048,691,8,1.3204930729998523,1550.9358147161058,0,512,0,OK
2026-04-25T20:00:59.693481+00:00,2026-04-25T20:01:01.014543+00:00,76,3,/dev/ttyACM0,115200,2.0,2048,691,8,1.3210398120004356,1550.2939286127469,0,512,0,OK
2026-04-25T20:01:01.014812+00:00,2026-04-25T20:01:02.335242+00:00,77,3,/dev/ttyACM0,115200,2.0,2048,691,8,1.3204151269992508,1551.0273686838502,0,512,0,OK
2026-04-25T20:01:02.335507+00:00,2026-04-25T20:01:03.657498+00:00,78,3,/dev/ttyACM0,115200,2.0,2048,691,8,1.3219751490005365,1549.1970492398182,0,512,0,OK
2026-04-25T20:01:03.657784+00:00,2026-04-25T20:01:04.973399+00:00,79,3,/dev/ttyACM0,115200,2.0,2048,691,8,1.3155984559998615,1556.705992364144,0,512,0,OK
2026-04-25T20:01:04.973647+00:00,2026-04-25T20:01:06.288703+00:00,80,3,/dev/ttyACM0,115200,2.0,2048,691,8,1.3150413459998163,1557.365482256317,0,512,0,OK
2026-04-25T20:01:10.528380+00:00,2026-04-25T20:01:12.652239+00:00,81,3,/dev/ttyACM0,115200,2.0,4096,1374,8,2.123846448000222,1928.5763355711163,0,1024,0,OK
2026-04-25T20:01:12.652494+00:00,2026-04-25T20:01:14.775306+00:00,82,3,/dev/ttyACM0,115200,2.0,4096,1374,8,2.1227972839997165,1929.529508480635,0,1024,0,OK
2026-04-25T20:01:14.775568+00:00,2026-04-25T20:01:16.888519+00:00,83,3,/dev/ttyACM0,115200,2.0,4096,1374,8,2.1129366000004666,1938.5342655331426,0,1024,0,OK
2026-04-25T20:01:16.888793+00:00,2026-04-25T20:01:19.018300+00:00,84,3,/dev/ttyACM0,115200,2.0,4096,1374,8,2.1294915119997313,1923.4638771363727,0,1024,0,OK
2026-04-25T20:01:19.018554+00:00,2026-04-25T20:01:21.143911+00:00,85,3,/dev/ttyACM0,115200,2.0,4096,1374,8,2.1253425089998927,1927.2187812812465,0,1024,0,OK
2026-04-25T20:01:21.144080+00:00,2026-04-25T20:01:23.266339+00:00,86,3,/dev/ttyACM0,115200,2.0,4096,1374,8,2.12224787499963,1930.0290264164898,0,1024,0,OK
2026-04-25T20:01:23.266746+00:00,2026-04-25T20:01:25.382482+00:00,87,3,/dev/ttyACM0,115200,2.0,4096,1374,8,2.115717448000396,1935.9863028360455,0,1024,0,OK
2026-04-25T20:01:25.382804+00:00,2026-04-25T20:01:27.503598+00:00,88,3,/dev/ttyACM0,115200,2.0,4096,1374,8,2.120769946999644,1931.3740303585541,0,1024,0,OK
2026-04-25T20:01:27.503875+00:00,2026-04-25T20:01:29.628787+00:00,89,3,/dev/ttyACM0,115200,2.0,4096,1374,8,2.1248904829999447,1927.6287567617228,0,1024,0,OK
2026-04-25T20:01:29.629073+00:00,2026-04-25T20:01:31.751914+00:00,90,3,/dev/ttyACM0,115200,2.0,4096,1374,8,2.1228227829997195,1929.5063312878253,0,1024,0,OK
2026-04-25T20:01:39.624878+00:00,2026-04-25T20:01:43.559998+00:00,91,3,/dev/ttyACM0,115200,2.0,8192,2739,8,3.935108325999863,2081.772424376275,0,2048,0,OK
2026-04-25T20:01:43.560270+00:00,2026-04-25T20:01:47.496167+00:00,92,3,/dev/ttyACM0,115200,2.0,8192,2739,8,3.9358808879997014,2081.363799645713,0,2048,0,OK
2026-04-25T20:01:47.496432+00:00,2026-04-25T20:01:51.428585+00:00,93,3,/dev/ttyACM0,115200,2.0,8192,2739,8,3.9321379799994247,2083.3450000147755,0,2048,0,OK
2026-04-25T20:01:51.428857+00:00,2026-04-25T20:01:55.370081+00:00,94,3,/dev/ttyACM0,115200,2.0,8192,2739,8,3.941208199999892,2078.5504302970407,0,2048,0,OK
2026-04-25T20:01:55.370350+00:00,2026-04-25T20:01:59.304701+00:00,95,3,/dev/ttyACM0,115200,2.0,8192,2739,8,3.934333382000659,2082.182470219202,0,2048,0,OK
2026-04-25T20:01:59.304979+00:00,2026-04-25T20:02:03.238330+00:00,96,3,/dev/ttyACM0,115200,2.0,8192,2739,8,3.9333345969998845,2082.711195291744,0,2048,0,OK
2026-04-25T20:02:03.238593+00:00,2026-04-25T20:02:07.173231+00:00,97,3,/dev/ttyACM0,115200,2.0,8192,2739,8,3.934623262000059,2082.0290672087926,0,2048,0,OK
2026-04-25T20:02:07.173500+00:00,2026-04-25T20:02:11.100142+00:00,98,3,/dev/ttyACM0,115200,2.0,8192,2739,8,3.9266263419995084,2086.2693025760345,0,2048,0,OK
2026-04-25T20:02:11.100418+00:00,2026-04-25T20:02:15.032206+00:00,99,3,/dev/ttyACM0,115200,2.0,8192,2739,8,3.9317693749999307,2083.540314467235,0,2048,0,OK
2026-04-25T20:02:15.032477+00:00,2026-04-25T20:02:18.969699+00:00,100,3,/dev/ttyACM0,115200,2.0,8192,2739,8,3.937204587999986,2080.6640388889105,0,2048,0,OK
2026-04-25T20:02:30.668410+00:00,2026-04-25T20:02:36.509950+00:00,101,3,/dev/ttyACM0,115200,2.0,12288,4104,8,5.841527929000222,2103.5592313093834,0,3072,0,OK
2026-04-25T20:02:36.510227+00:00,2026-04-25T20:02:42.357575+00:00,102,3,/dev/ttyACM0,115200,2.0,12288,4104,8,5.847331363000194,2101.471464017592,0,3072,0,OK
2026-04-25T20:02:42.357853+00:00,2026-04-25T20:02:48.209017+00:00,103,3,/dev/ttyACM0,115200,2.0,12288,4104,8,5.851147149000099,2100.101003629672,0,3072,0,OK
2026-04-25T20:02:48.209304+00:00,2026-04-25T20:02:54.056625+00:00,104,3,/dev/ttyACM0,115200,2.0,12288,4104,8,5.847305944999789,2101.4805990283176,0,3072,0,OK
2026-04-25T20:02:54.056899+00:00,2026-04-25T20:02:59.900695+00:00,105,3,/dev/ttyACM0,115200,2.0,12288,4104,8,5.843782564999856,2102.747640474591,0,3072,0,OK
2026-04-25T20:02:59.900881+00:00,2026-04-25T20:03:05.754139+00:00,106,3,/dev/ttyACM0,115200,2.0,12288,4104,8,5.853248409000116,2099.3470875258995,0,3072,0,OK
2026-04-25T20:03:05.754414+00:00,2026-04-25T20:03:11.608554+00:00,107,3,/dev/ttyACM0,115200,2.0,12288,4104,8,5.854125904999819,2099.0324088358293,0,3072,0,OK
2026-04-25T20:03:11.608745+00:00,2026-04-25T20:03:17.456637+00:00,108,3,/dev/ttyACM0,115200,2.0,12288,4104,8,5.847882304999985,2101.273479716523,0,3072,0,OK
2026-04-25T20:03:17.456819+00:00,2026-04-25T20:03:23.307723+00:00,109,3,/dev/ttyACM0,115200,2.0,12288,4104,8,5.85089347200028,2100.192057641246,0,3072,0,OK
2026-04-25T20:03:23.307918+00:00,2026-04-25T20:03:29.155980+00:00,110,3,/dev/ttyACM0,115200,2.0,12288,4104,8,5.84804995200011,2101.2132421675606,0,3072,0,OK
2026-04-25T20:03:44.784577+00:00,2026-04-25T20:03:52.556528+00:00,111,3,/dev/ttyACM0,115200,2.0,16384,5470,8,7.771940269999504,2108.0964895270668,0,4096,0,OK
2026-04-25T20:03:52.556716+00:00,2026-04-25T20:04:00.318302+00:00,112,3,/dev/ttyACM0,115200,2.0,16384,5470,8,7.761575446000279,2110.9116459652605,0,4096,0,OK
2026-04-25T20:04:00.318596+00:00,2026-04-25T20:04:08.081949+00:00,113,3,/dev/ttyACM0,115200,2.0,16384,5470,8,7.763337569999749,2110.4325107945206,0,4096,0,OK
2026-04-25T20:04:08.082231+00:00,2026-04-25T20:04:15.953402+00:00,114,3,/dev/ttyACM0,115200,2.0,16384,5470,8,7.871155625999563,2081.5240834371616,0,4096,0,OK
2026-04-25T20:04:15.953687+00:00,2026-04-25T20:04:23.713278+00:00,115,3,/dev/ttyACM0,115200,2.0,16384,5470,8,7.759574835999956,2111.455891112446,0,4096,0,OK
2026-04-25T20:04:23.713564+00:00,2026-04-25T20:04:31.481464+00:00,116,3,/dev/ttyACM0,115200,2.0,16384,5470,8,7.767882682000163,2109.197663085877,0,4096,0,OK
2026-04-25T20:04:31.481839+00:00,2026-04-25T20:04:39.242130+00:00,117,3,/dev/ttyACM0,115200,2.0,16384,5470,8,7.7602707310006735,2111.2665482853986,0,4096,0,OK
2026-04-25T20:04:39.242417+00:00,2026-04-25T20:04:47.009232+00:00,118,3,/dev/ttyACM0,115200,2.0,16384,5470,8,7.766799045999505,2109.4919416563266,0,4096,0,OK
2026-04-25T20:04:47.009519+00:00,2026-04-25T20:04:54.774889+00:00,119,3,/dev/ttyACM0,115200,2.0,16384,5470,8,7.765353462999883,2109.884640546754,0,4096,0,OK
2026-04-25T20:04:54.775173+00:00,2026-04-25T20:05:02.534843+00:00,120,3,/dev/ttyACM0,115200,2.0,16384,5470,8,7.759655363000093,2111.433979158773,0,4096,0,OK
2026-04-25T20:05:04.165529+00:00,2026-04-25T20:05:04.981253+00:00,121,3,/dev/ttyACM0,115200,2.0,19456,6494,8,0.815710766999473,23851.59150413981,2,0,259,MEMORY_ERROR
2026-04-25T20:05:04.981564+00:00,2026-04-25T20:05:05.801066+00:00,122,3,/dev/ttyACM0,115200,2.0,19456,6494,8,0.8194896799996059,23741.60465328783,2,0,259,MEMORY_ERROR
2026-04-25T20:05:05.801374+00:00,2026-04-25T20:05:06.617508+00:00,123,3,/dev/ttyACM0,115200,2.0,19456,6494,8,0.8161212389995853,23839.595234464774,2,0,259,MEMORY_ERROR
2026-04-25T20:05:06.617813+00:00,2026-04-25T20:05:07.428664+00:00,124,3,/dev/ttyACM0,115200,2.0,19456,6494,8,0.8108385030000136,23994.91381824486,2,0,259,MEMORY_ERROR
2026-04-25T20:05:07.429002+00:00,2026-04-25T20:05:08.240705+00:00,125,3,/dev/ttyACM0,115200,2.0,19456,6494,8,0.8116899319993536,23969.74415104054,2,0,259,MEMORY_ERROR
2026-04-25T20:05:08.241042+00:00,2026-04-25T20:05:09.057156+00:00,126,3,/dev/ttyACM0,115200,2.0,19456,6494,8,0.8160931399997935,23840.416058398583,2,0,259,MEMORY_ERROR
2026-04-25T20:05:09.057618+00:00,2026-04-25T20:05:09.872520+00:00,127,3,/dev/ttyACM0,115200,2.0,19456,6494,8,0.8148869530004959,23875.704388640715,2,0,259,MEMORY_ERROR
2026-04-25T20:05:09.873026+00:00,2026-04-25T20:05:10.681686+00:00,128,3,/dev/ttyACM0,115200,2.0,19456,6494,8,0.8086349369996242,24060.301020618706,2,0,259,MEMORY_ERROR
2026-04-25T20:05:10.682012+00:00,2026-04-25T20:05:11.497776+00:00,129,3,/dev/ttyACM0,115200,2.0,19456,6494,8,0.8157501830000911,23850.439025887204,2,0,259,MEMORY_ERROR
2026-04-25T20:05:11.498085+00:00,2026-04-25T20:05:12.312621+00:00,130,3,/dev/ttyACM0,115200,2.0,19456,6494,8,0.8145232179995219,23886.366367534807,2,0,259,MEMORY_ERROR
2026-04-25T20:05:14.141026+00:00,2026-04-25T20:05:15.051919+00:00,131,3,/dev/ttyACM0,115200,2.0,21504,7176,8,0.9108805710002343,23607.924775897398,2,0,259,MEMORY_ERROR
2026-04-25T20:05:15.052238+00:00,2026-04-25T20:05:15.964891+00:00,132,3,/dev/ttyACM0,115200,2.0,21504,7176,8,0.9126412089999576,23562.38112846491,2,0,259,MEMORY_ERROR
2026-04-25T20:05:15.965218+00:00,2026-04-25T20:05:16.879108+00:00,133,3,/dev/ttyACM0,115200,2.0,21504,7176,8,0.9138750100000834,23530.570115926505,2,0,259,MEMORY_ERROR
2026-04-25T20:05:16.879433+00:00,2026-04-25T20:05:17.795573+00:00,134,3,/dev/ttyACM0,115200,2.0,21504,7176,8,0.916126551999696,23472.739604655773,2,0,259,MEMORY_ERROR
2026-04-25T20:05:17.795887+00:00,2026-04-25T20:05:18.713394+00:00,135,3,/dev/ttyACM0,115200,2.0,21504,7176,8,0.9174947689998589,23437.735806865734,2,0,259,MEMORY_ERROR
2026-04-25T20:05:18.713709+00:00,2026-04-25T20:05:19.632383+00:00,136,3,/dev/ttyACM0,115200,2.0,21504,7176,8,0.9186609899998075,23407.982089241108,2,0,259,MEMORY_ERROR
2026-04-25T20:05:19.632687+00:00,2026-04-25T20:05:20.553165+00:00,137,3,/dev/ttyACM0,115200,2.0,21504,7176,8,0.920465153000805,23362.101139727984,2,0,259,MEMORY_ERROR
2026-04-25T20:05:20.553490+00:00,2026-04-25T20:05:21.460766+00:00,138,3,/dev/ttyACM0,115200,2.0,21504,7176,8,0.907261706999634,23702.09150688719,2,0,259,MEMORY_ERROR
2026-04-25T20:05:21.461101+00:00,2026-04-25T20:05:22.368850+00:00,139,3,/dev/ttyACM0,115200,2.0,21504,7176,8,0.9077364670001771,23689.694951955484,2,0,259,MEMORY_ERROR
2026-04-25T20:05:22.369165+00:00,2026-04-25T20:05:23.284127+00:00,140,3,/dev/ttyACM0,115200,2.0,21504,7176,8,0.9149489450001056,23502.95075753928,2,0,259,MEMORY_ERROR
2026-04-25T20:05:25.317225+00:00,2026-04-25T20:05:26.333231+00:00,141,3,/dev/ttyACM0,115200,2.0,24576,8200,8,1.0159935609999593,24189.129678943886,2,0,259,MEMORY_ERROR
2026-04-25T20:05:26.333578+00:00,2026-04-25T20:05:27.342309+00:00,142,3,/dev/ttyACM0,115200,2.0,24576,8200,8,1.0087132139997266,24363.713748283128,2,0,259,MEMORY_ERROR
2026-04-25T20:05:27.342825+00:00,2026-04-25T20:05:28.356255+00:00,143,3,/dev/ttyACM0,115200,2.0,24576,8200,8,1.0134095829998842,24250.806793488562,2,0,259,MEMORY_ERROR
2026-04-25T20:05:28.359651+00:00,2026-04-25T20:05:29.378313+00:00,144,3,/dev/ttyACM0,115200,2.0,24576,8200,8,1.0186382709998725,24126.326979524096,2,0,259,MEMORY_ERROR
2026-04-25T20:05:29.378627+00:00,2026-04-25T20:05:30.388497+00:00,145,3,/dev/ttyACM0,115200,2.0,24576,8200,8,1.0098526169995239,24336.22450077939,2,0,259,MEMORY_ERROR
2026-04-25T20:05:30.389029+00:00,2026-04-25T20:05:31.399023+00:00,146,3,/dev/ttyACM0,115200,2.0,24576,8200,8,1.0099800359994333,24333.154244658544,2,0,259,MEMORY_ERROR
2026-04-25T20:05:31.399367+00:00,2026-04-25T20:05:32.414889+00:00,147,3,/dev/ttyACM0,115200,2.0,24576,8200,8,1.0155078629995842,24200.698877316387,2,0,259,MEMORY_ERROR
2026-04-25T20:05:32.415202+00:00,2026-04-25T20:05:33.425212+00:00,148,3,/dev/ttyACM0,115200,2.0,24576,8200,8,1.0099973839996892,24332.736291530397,2,0,259,MEMORY_ERROR
2026-04-25T20:05:33.427672+00:00,2026-04-25T20:05:34.441795+00:00,149,3,/dev/ttyACM0,115200,2.0,24576,8200,8,1.0140854299997955,24234.644609779036,2,0,259,MEMORY_ERROR
2026-04-25T20:05:34.442101+00:00,2026-04-25T20:05:35.452788+00:00,150,3,/dev/ttyACM0,115200,2.0,24576,8200,8,1.0106736230000024,24316.455323183935,2,0,259,MEMORY_ERROR
2026-04-25T20:05:36.276742+00:00,2026-04-25T20:05:36.686726+00:00,151,5,/dev/ttyACM0,115200,2.0,8,10,8,0.4099719420000838,19.513530513750048,0,2,0,OK
2026-04-25T20:05:36.686987+00:00,2026-04-25T20:05:37.102052+00:00,152,5,/dev/ttyACM0,115200,2.0,8,10,8,0.41504486600024393,19.275024594558648,0,2,0,OK
2026-04-25T20:05:37.102296+00:00,2026-04-25T20:05:37.518762+00:00,153,5,/dev/ttyACM0,115200,2.0,8,10,8,0.41644672299935337,19.210140356927294,0,2,0,OK
2026-04-25T20:05:37.519082+00:00,2026-04-25T20:05:37.932403+00:00,154,5,/dev/ttyACM0,115200,2.0,8,10,8,0.4133043419997193,19.356196359547155,0,2,0,OK
2026-04-25T20:05:37.932642+00:00,2026-04-25T20:05:38.344997+00:00,155,5,/dev/ttyACM0,115200,2.0,8,10,8,0.4123398050005562,19.401473985731766,0,2,0,OK
2026-04-25T20:05:38.345235+00:00,2026-04-25T20:05:38.757023+00:00,156,5,/dev/ttyACM0,115200,2.0,8,10,8,0.4117719579999175,19.428229253050795,0,2,0,OK
2026-04-25T20:05:38.757266+00:00,2026-04-25T20:05:39.169847+00:00,157,5,/dev/ttyACM0,115200,2.0,8,10,8,0.4125660439995045,19.39083479204025,0,2,0,OK
2026-04-25T20:05:39.170089+00:00,2026-04-25T20:05:39.580322+00:00,158,5,/dev/ttyACM0,115200,2.0,8,10,8,0.4102182040005573,19.501816160233425,0,2,0,OK
2026-04-25T20:05:39.580567+00:00,2026-04-25T20:05:39.992556+00:00,159,5,/dev/ttyACM0,115200,2.0,8,10,8,0.41197184099928563,19.418802946810803,0,2,0,OK
2026-04-25T20:05:39.992800+00:00,2026-04-25T20:05:40.409242+00:00,160,5,/dev/ttyACM0,115200,2.0,8,10,8,0.4164248349998161,19.211150074667216,0,2,0,OK
2026-04-25T20:05:42.835769+00:00,2026-04-25T20:05:44.059412+00:00,161,5,/dev/ttyACM0,115200,2.0,2048,418,8,1.223630057000264,1673.7084777246184,0,512,0,OK
2026-04-25T20:05:44.059671+00:00,2026-04-25T20:05:45.269937+00:00,162,5,/dev/ttyACM0,115200,2.0,2048,418,8,1.210249716999897,1692.212748520043,0,512,0,OK
2026-04-25T20:05:45.270191+00:00,2026-04-25T20:05:46.486595+00:00,163,5,/dev/ttyACM0,115200,2.0,2048,418,8,1.2163883210005224,1683.6728572956436,0,512,0,OK
2026-04-25T20:05:46.486843+00:00,2026-04-25T20:05:47.703226+00:00,164,5,/dev/ttyACM0,115200,2.0,2048,418,8,1.2163677440003084,1683.7013395839283,0,512,0,OK
2026-04-25T20:05:47.703489+00:00,2026-04-25T20:05:48.918147+00:00,165,5,/dev/ttyACM0,115200,2.0,2048,418,8,1.214642372000526,1686.0929992314752,0,512,0,OK
2026-04-25T20:05:48.918395+00:00,2026-04-25T20:05:50.135782+00:00,166,5,/dev/ttyACM0,115200,2.0,2048,418,8,1.2173713320007664,1682.3133140765553,0,512,0,OK
2026-04-25T20:05:50.136037+00:00,2026-04-25T20:05:51.351543+00:00,167,5,/dev/ttyACM0,115200,2.0,2048,418,8,1.2154903559994636,1684.9167004011208,0,512,0,OK
2026-04-25T20:05:51.351799+00:00,2026-04-25T20:05:52.567831+00:00,168,5,/dev/ttyACM0,115200,2.0,2048,418,8,1.2160163980006473,1684.1878147098062,0,512,0,OK
2026-04-25T20:05:52.568079+00:00,2026-04-25T20:05:53.791540+00:00,169,5,/dev/ttyACM0,115200,2.0,2048,418,8,1.2234479009994175,1673.9576718608266,0,512,0,OK
2026-04-25T20:05:53.791714+00:00,2026-04-25T20:05:55.014528+00:00,170,5,/dev/ttyACM0,115200,2.0,2048,418,8,1.2228035300004194,1674.8397839506545,0,512,0,OK
2026-04-25T20:05:59.063219+00:00,2026-04-25T20:06:01.089967+00:00,171,5,/dev/ttyACM0,115200,2.0,4096,828,8,2.026735866999843,2020.9836252926575,0,1024,0,OK
2026-04-25T20:06:01.090228+00:00,2026-04-25T20:06:03.112635+00:00,172,5,/dev/ttyACM0,115200,2.0,4096,828,8,2.0223917020002773,2025.3247656963727,0,1024,0,OK
2026-04-25T20:06:03.112890+00:00,2026-04-25T20:06:05.135369+00:00,173,5,/dev/ttyACM0,115200,2.0,4096,828,8,2.022464007999588,2025.2523574208567,0,1024,0,OK
2026-04-25T20:06:05.135630+00:00,2026-04-25T20:06:07.151726+00:00,174,5,/dev/ttyACM0,115200,2.0,4096,828,8,2.016080964000139,2031.6644386508467,0,1024,0,OK
2026-04-25T20:06:07.151982+00:00,2026-04-25T20:06:09.176058+00:00,175,5,/dev/ttyACM0,115200,2.0,4096,828,8,2.024060665000434,2023.6547603671365,0,1024,0,OK
2026-04-25T20:06:09.176314+00:00,2026-04-25T20:06:11.197971+00:00,176,5,/dev/ttyACM0,115200,2.0,4096,828,8,2.0216421730001457,2026.075660027154,0,1024,0,OK
2026-04-25T20:06:11.198236+00:00,2026-04-25T20:06:13.221504+00:00,177,5,/dev/ttyACM0,115200,2.0,4096,828,8,2.023252451999724,2024.4631340748567,0,1024,0,OK
2026-04-25T20:06:13.221757+00:00,2026-04-25T20:06:15.246853+00:00,178,5,/dev/ttyACM0,115200,2.0,4096,828,8,2.025080800000069,2022.6353437353516,0,1024,0,OK
2026-04-25T20:06:15.247109+00:00,2026-04-25T20:06:17.263057+00:00,179,5,/dev/ttyACM0,115200,2.0,4096,828,8,2.0159316969993597,2031.8148705617089,0,1024,0,OK
2026-04-25T20:06:17.263340+00:00,2026-04-25T20:06:19.287745+00:00,180,5,/dev/ttyACM0,115200,2.0,4096,828,8,2.024389715000325,2023.3258298288392,0,1024,0,OK
2026-04-25T20:06:26.553506+00:00,2026-04-25T20:06:30.186615+00:00,181,5,/dev/ttyACM0,115200,2.0,8192,1647,8,3.6330981119999706,2254.824876031332,0,2048,0,OK
2026-04-25T20:06:30.186796+00:00,2026-04-25T20:06:33.818495+00:00,182,5,/dev/ttyACM0,115200,2.0,8192,1647,8,3.6316866970000774,2255.7011888627203,0,2048,0,OK
2026-04-25T20:06:33.818756+00:00,2026-04-25T20:06:37.444190+00:00,183,5,/dev/ttyACM0,115200,2.0,8192,1647,8,3.625418114999775,2259.601441860316,0,2048,0,OK
2026-04-25T20:06:37.444454+00:00,2026-04-25T20:06:41.080240+00:00,184,5,/dev/ttyACM0,115200,2.0,8192,1647,8,3.635770312999739,2253.1676356752814,0,2048,0,OK
2026-04-25T20:06:41.080510+00:00,2026-04-25T20:06:44.709478+00:00,185,5,/dev/ttyACM0,115200,2.0,8192,1647,8,3.628952317999392,2257.4008369765997,0,2048,0,OK
2026-04-25T20:06:44.709747+00:00,2026-04-25T20:06:48.341588+00:00,186,5,/dev/ttyACM0,115200,2.0,8192,1647,8,3.631825807000496,2255.6147886304398,0,2048,0,OK
2026-04-25T20:06:48.341860+00:00,2026-04-25T20:06:51.969854+00:00,187,5,/dev/ttyACM0,115200,2.0,8192,1647,8,3.627979096000672,2258.006395083838,0,2048,0,OK
2026-04-25T20:06:51.970119+00:00,2026-04-25T20:06:55.606794+00:00,188,5,/dev/ttyACM0,115200,2.0,8192,1647,8,3.6366602190000776,2252.616276109634,0,2048,0,OK
2026-04-25T20:06:55.607059+00:00,2026-04-25T20:06:59.229815+00:00,189,5,/dev/ttyACM0,115200,2.0,8192,1647,8,3.6227402349995828,2261.271708320799,0,2048,0,OK
2026-04-25T20:06:59.230083+00:00,2026-04-25T20:07:02.864114+00:00,190,5,/dev/ttyACM0,115200,2.0,8192,1647,8,3.6340148890003547,2254.2560364284736,0,2048,0,OK
2026-04-25T20:07:13.557213+00:00,2026-04-25T20:07:18.905272+00:00,191,5,/dev/ttyACM0,115200,2.0,12288,2466,8,5.348046765000618,2297.661284567803,0,3072,0,OK
2026-04-25T20:07:18.905552+00:00,2026-04-25T20:07:24.240767+00:00,192,5,/dev/ttyACM0,115200,2.0,12288,2466,8,5.335198790000504,2303.1944044954394,0,3072,0,OK
2026-04-25T20:07:24.241067+00:00,2026-04-25T20:07:29.577865+00:00,193,5,/dev/ttyACM0,115200,2.0,12288,2466,8,5.336780854000608,2302.511633167128,0,3072,0,OK
2026-04-25T20:07:29.578147+00:00,2026-04-25T20:07:34.920928+00:00,194,5,/dev/ttyACM0,115200,2.0,12288,2466,8,5.342752950000431,2299.93789999199,0,3072,0,OK
2026-04-25T20:07:34.921210+00:00,2026-04-25T20:07:40.265201+00:00,195,5,/dev/ttyACM0,115200,2.0,12288,2466,8,5.343974297999921,2299.412256641842,0,3072,0,OK
2026-04-25T20:07:40.265473+00:00,2026-04-25T20:07:45.609150+00:00,196,5,/dev/ttyACM0,115200,2.0,12288,2466,8,5.34366216700073,2299.546568621676,0,3072,0,OK
2026-04-25T20:07:45.609423+00:00,2026-04-25T20:07:50.961334+00:00,197,5,/dev/ttyACM0,115200,2.0,12288,2466,8,5.351895185999638,2296.009090788056,0,3072,0,OK
2026-04-25T20:07:50.961609+00:00,2026-04-25T20:07:56.305250+00:00,198,5,/dev/ttyACM0,115200,2.0,12288,2466,8,5.34362603199952,2299.5621187588945,0,3072,0,OK
2026-04-25T20:07:56.305528+00:00,2026-04-25T20:08:01.649823+00:00,199,5,/dev/ttyACM0,115200,2.0,12288,2466,8,5.344279557999471,2299.280916472075,0,3072,0,OK
2026-04-25T20:08:01.650109+00:00,2026-04-25T20:08:06.992636+00:00,200,5,/dev/ttyACM0,115200,2.0,12288,2466,8,5.342511427000318,2300.0418750436615,0,3072,0,OK
2026-04-25T20:08:20.896001+00:00,2026-04-25T20:08:27.848161+00:00,201,5,/dev/ttyACM0,115200,2.0,16384,3285,8,6.952146634000201,2356.682167759859,0,4096,0,OK
2026-04-25T20:08:27.848449+00:00,2026-04-25T20:08:34.800168+00:00,202,5,/dev/ttyACM0,115200,2.0,16384,3285,8,6.951702605999344,2356.8326967641783,0,4096,0,OK
2026-04-25T20:08:34.800451+00:00,2026-04-25T20:08:41.855952+00:00,203,5,/dev/ttyACM0,115200,2.0,16384,3285,8,7.055485783000222,2322.164696224927,0,4096,0,OK
2026-04-25T20:08:41.856244+00:00,2026-04-25T20:08:48.815321+00:00,204,5,/dev/ttyACM0,115200,2.0,16384,3285,8,6.95906161899984,2354.3404121135973,0,4096,0,OK
2026-04-25T20:08:48.815598+00:00,2026-04-25T20:08:55.771621+00:00,205,5,/dev/ttyACM0,115200,2.0,16384,3285,8,6.956007251999836,2355.3741976461624,0,4096,0,OK
2026-04-25T20:08:55.771938+00:00,2026-04-25T20:09:02.718567+00:00,206,5,/dev/ttyACM0,115200,2.0,16384,3285,8,6.94660843299971,2358.5610385304244,0,4096,0,OK
2026-04-25T20:09:02.718849+00:00,2026-04-25T20:09:09.671228+00:00,207,5,/dev/ttyACM0,115200,2.0,16384,3285,8,6.952364568000121,2356.6082934446763,0,4096,0,OK
2026-04-25T20:09:09.671512+00:00,2026-04-25T20:09:16.631186+00:00,208,5,/dev/ttyACM0,115200,2.0,16384,3285,8,6.959657878000144,2354.1387072762172,0,4096,0,OK
2026-04-25T20:09:16.631468+00:00,2026-04-25T20:09:23.586676+00:00,209,5,/dev/ttyACM0,115200,2.0,16384,3285,8,6.955193194999993,2355.649877817667,0,4096,0,OK
2026-04-25T20:09:23.586960+00:00,2026-04-25T20:09:30.548574+00:00,210,5,/dev/ttyACM0,115200,2.0,16384,3285,8,6.961597921000248,2353.482661010381,0,4096,0,OK
2026-04-25T20:09:46.873249+00:00,2026-04-25T20:09:55.030495+00:00,211,5,/dev/ttyACM0,115200,2.0,19456,3900,8,8.157231948000117,2385.1228117609144,0,4864,0,OK
2026-04-25T20:09:55.030784+00:00,2026-04-25T20:10:03.185284+00:00,212,5,/dev/ttyACM0,115200,2.0,19456,3900,8,8.154485844000192,2385.9260255280346,0,4864,0,OK
2026-04-25T20:10:03.185486+00:00,2026-04-25T20:10:11.446619+00:00,213,5,/dev/ttyACM0,115200,2.0,19456,3900,8,8.261122121999506,2355.1279974651807,0,4864,0,OK
2026-04-25T20:10:11.446908+00:00,2026-04-25T20:10:19.611324+00:00,214,5,/dev/ttyACM0,115200,2.0,19456,3900,8,8.164399793000484,2383.0288194216123,0,4864,0,OK
2026-04-25T20:10:19.611615+00:00,2026-04-25T20:10:27.775494+00:00,215,5,/dev/ttyACM0,115200,2.0,19456,3900,8,8.163862248999976,2383.185728346071,0,4864,0,OK
2026-04-25T20:10:27.775788+00:00,2026-04-25T20:10:35.932994+00:00,216,5,/dev/ttyACM0,115200,2.0,19456,3900,8,8.157190857999922,2385.1348262765127,0,4864,0,OK
2026-04-25T20:10:35.933282+00:00,2026-04-25T20:10:44.084289+00:00,217,5,/dev/ttyACM0,115200,2.0,19456,3900,8,8.150990508999712,2386.9491663029353,0,4864,0,OK
2026-04-25T20:10:44.084579+00:00,2026-04-25T20:10:52.245180+00:00,218,5,/dev/ttyACM0,115200,2.0,19456,3900,8,8.160586115000115,2384.1424777366897,0,4864,0,OK
2026-04-25T20:10:52.245475+00:00,2026-04-25T20:11:00.507579+00:00,219,5,/dev/ttyACM0,115200,2.0,19456,3900,8,8.26208838599996,2354.852561607551,0,4864,0,OK
2026-04-25T20:11:00.507866+00:00,2026-04-25T20:11:08.667412+00:00,220,5,/dev/ttyACM0,115200,2.0,19456,3900,8,8.159530642999925,2384.450877292965,0,4864,0,OK
2026-04-25T20:11:27.102995+00:00,2026-04-25T20:11:36.372047+00:00,221,5,/dev/ttyACM0,115200,2.0,21504,4309,8,9.269039657000576,2319.9814431432274,0,5376,0,OK
2026-04-25T20:11:36.372348+00:00,2026-04-25T20:11:45.640160+00:00,222,5,/dev/ttyACM0,115200,2.0,21504,4309,8,9.267796080000153,2320.292744291763,0,5376,0,OK
2026-04-25T20:11:45.640460+00:00,2026-04-25T20:11:54.905452+00:00,223,5,/dev/ttyACM0,115200,2.0,21504,4309,8,9.26497425100024,2320.9994347991246,0,5376,0,OK
2026-04-25T20:11:54.905752+00:00,2026-04-25T20:12:04.171745+00:00,224,5,/dev/ttyACM0,115200,2.0,21504,4309,8,9.265977692999513,2320.7480864373724,0,5376,0,OK
2026-04-25T20:12:04.172043+00:00,2026-04-25T20:12:13.542826+00:00,225,5,/dev/ttyACM0,115200,2.0,21504,4309,8,9.370767496000553,2294.796024891015,0,5376,0,OK
2026-04-25T20:12:13.543124+00:00,2026-04-25T20:12:22.812330+00:00,226,5,/dev/ttyACM0,115200,2.0,21504,4309,8,9.269191781999325,2319.9433678522596,0,5376,0,OK
2026-04-25T20:12:22.812630+00:00,2026-04-25T20:12:32.072795+00:00,227,5,/dev/ttyACM0,115200,2.0,21504,4309,8,9.260149460999855,2322.2087386997882,0,5376,0,OK
2026-04-25T20:12:32.073113+00:00,2026-04-25T20:12:41.337138+00:00,228,5,/dev/ttyACM0,115200,2.0,21504,4309,8,9.264008922999892,2321.2412875177292,0,5376,0,OK
2026-04-25T20:12:41.337431+00:00,2026-04-25T20:12:50.611687+00:00,229,5,/dev/ttyACM0,115200,2.0,21504,4309,8,9.274239443000624,2318.680699604895,0,5376,0,OK
2026-04-25T20:12:50.611985+00:00,2026-04-25T20:12:59.882349+00:00,230,5,/dev/ttyACM0,115200,2.0,21504,4309,8,9.270348340000055,2319.653934384937,0,5376,0,OK
2026-04-25T20:13:21.051318+00:00,2026-04-25T20:13:31.637611+00:00,231,5,/dev/ttyACM0,115200,2.0,24576,4924,8,10.586278108000442,2321.495784380254,0,6144,0,OK
2026-04-25T20:13:31.637937+00:00,2026-04-25T20:13:42.209850+00:00,232,5,/dev/ttyACM0,115200,2.0,24576,4924,8,10.571896956999808,2324.653758919573,0,6144,0,OK
2026-04-25T20:13:42.210152+00:00,2026-04-25T20:13:52.786881+00:00,233,5,/dev/ttyACM0,115200,2.0,24576,4924,8,10.576713404999282,2323.59515276113,0,6144,0,OK
2026-04-25T20:13:52.787182+00:00,2026-04-25T20:14:03.356505+00:00,234,5,/dev/ttyACM0,115200,2.0,24576,4924,8,10.569309731999965,2325.222802922782,0,6144,0,OK
2026-04-25T20:14:03.356701+00:00,2026-04-25T20:14:13.932507+00:00,235,5,/dev/ttyACM0,115200,2.0,24576,4924,8,10.575794377999955,2323.7970710856143,0,6144,0,OK
2026-04-25T20:14:13.932807+00:00,2026-04-25T20:14:24.499326+00:00,236,5,/dev/ttyACM0,115200,2.0,24576,4924,8,10.566502386000138,2325.840576401274,0,6144,0,OK
2026-04-25T20:14:24.499632+00:00,2026-04-25T20:14:35.177107+00:00,237,5,/dev/ttyACM0,115200,2.0,24576,4924,8,10.677458660000411,2301.6712855153355,0,6144,0,OK
2026-04-25T20:14:35.177406+00:00,2026-04-25T20:14:45.751593+00:00,238,5,/dev/ttyACM0,115200,2.0,24576,4924,8,10.57417106899993,2324.1538121176163,0,6144,0,OK
2026-04-25T20:14:45.751897+00:00,2026-04-25T20:14:56.437383+00:00,239,5,/dev/ttyACM0,115200,2.0,24576,4924,8,10.685471152999526,2299.9453789270915,0,6144,0,OK
2026-04-25T20:14:56.437681+00:00,2026-04-25T20:15:07.013969+00:00,240,5,/dev/ttyACM0,115200,2.0,24576,4924,8,10.576272286999483,2323.6920658906633,0,6144,0,OK
2026-04-25T20:15:30.880336+00:00,2026-04-25T20:15:42.771480+00:00,241,5,/dev/ttyACM0,115200,2.0,27648,5538,8,11.89113052599987,2325.09431626773,0,6912,0,OK
2026-04-25T20:15:42.771801+00:00,2026-04-25T20:15:54.651478+00:00,242,5,/dev/ttyACM0,115200,2.0,27648,5538,8,11.879660588000661,2327.339219432459,0,6912,0,OK
2026-04-25T20:15:54.651788+00:00,2026-04-25T20:16:06.528522+00:00,243,5,/dev/ttyACM0,115200,2.0,27648,5538,8,11.87671835800029,2327.915773246909,0,6912,0,OK
2026-04-25T20:16:06.528841+00:00,2026-04-25T20:16:18.408649+00:00,244,5,/dev/ttyACM0,115200,2.0,27648,5538,8,11.879789329999767,2327.3139979158655,0,6912,0,OK
2026-04-25T20:16:18.408979+00:00,2026-04-25T20:16:30.293217+00:00,245,5,/dev/ttyACM0,115200,2.0,27648,5538,8,11.884222218000104,2326.445895476755,0,6912,0,OK
2026-04-25T20:16:30.293532+00:00,2026-04-25T20:16:42.175471+00:00,246,5,/dev/ttyACM0,115200,2.0,27648,5538,8,11.881922869000846,2326.8961013146964,0,6912,0,OK
2026-04-25T20:16:42.175782+00:00,2026-04-25T20:16:54.060774+00:00,247,5,/dev/ttyACM0,115200,2.0,27648,5538,8,11.884976509999433,2326.2982452458646,0,6912,0,OK
2026-04-25T20:16:54.061093+00:00,2026-04-25T20:17:05.941003+00:00,248,5,/dev/ttyACM0,115200,2.0,27648,5538,8,11.879894106999927,2327.29347172456,0,6912,0,OK
2026-04-25T20:17:05.941318+00:00,2026-04-25T20:17:17.827850+00:00,249,5,/dev/ttyACM0,115200,2.0,27648,5538,8,11.886513016999743,2325.9975369108365,0,6912,0,OK
2026-04-25T20:17:17.828166+00:00,2026-04-25T20:17:29.809799+00:00,250,5,/dev/ttyACM0,115200,2.0,27648,5538,8,11.981614717000411,2307.5353909328223,0,6912,0,OK
